event_date,fighter_1,fighter_2,predicted_winner,actual_winner,correct,p_predicted_winner,model_version,tracked_at,fight_id,event_name,prediction_file
2026-09-26,Raul Rosas Jr.,Raoni Barcelos,Raul Rosas Jr.,Raul Rosas Jr.,True,0.6478,model_2026-09-23,2026-09-29T07:39:32+00:00,0e55d8a3d7a73912,UFC Fight Night: Rosas Jr. vs Barcelos,2026-09-26_ufc-fight-night-rosas-jr-vs-barcelos.csv
2026-09-26,Norma Dumont,Ailin Perez,Ailin Perez,Ailin Perez,True,0.6169,model_2026-09-23,2026-09-29T07:39:32+00:00,5e5d01e437bced71,UFC Fight Night: Rosas Jr. vs Barcelos,2026-09-26_ufc-fight-night-rosas-jr-vs-barcelos.csv
2026-09-26,Luis Hernandez,Sedriques Dumas,Luis Hernandez,Luis Hernandez,True,0.5363,model_2026-09-23,2026-09-29T07:39:32+00:00,7c954175878dd610,UFC Fight Night: Rosas Jr. vs Barcelos,2026-09-26_ufc-fight-night-rosas-jr-vs-barcelos.csv
2026-09-26,Mahammadali Osmanli,Ilimbek Akylbek,Mahammadali Osmanli,Ilimbek Akylbek,False,0.5164,model_2026-09-23,2026-09-29T07:39:32+00:00,3a70ed81e5611d24,UFC Fight Night: Rosas Jr. vs Barcelos,2026-09-26_ufc-fight-night-rosas-jr-vs-barcelos.csv
2026-09-26,Melissa Amaya,Tina Black,Tina Black,Tina Black,True,0.5632,model_2026-09-23,2026-09-29T07:39:32+00:00,7bff1b7a45666e98,UFC Fight Night: Rosas Jr. vs Barcelos,2026-09-26_ufc-fight-night-rosas-jr-vs-barcelos.csv
2026-09-26,Brady Hiestand,Rinya Nakamura,Rinya Nakamura,Brady Hiestand,False,0.6014,model_2026-09-23,2026-09-29T07:39:32+00:00,29423f522e76f12e,UFC Fight Night: Rosas Jr. vs Barcelos,2026-09-26_ufc-fight-night-rosas-jr-vs-barcelos.csv
2026-09-26,Rodolfo Vieira,Robert Bryczek,Rodolfo Vieira,Rodolfo Vieira,True,0.6045,model_2026-09-23,2026-09-29T07:39:32+00:00,5a5395d939bb3ff3,UFC Fight Night: Rosas Jr. vs Barcelos,2026-09-26_ufc-fight-night-rosas-jr-vs-barcelos.csv
2026-09-26,Rodolfo Bellato,Christian Edwards,Rodolfo Bellato,Christian Edwards,False,0.5176,model_2026-09-23,2026-09-29T07:39:32+00:00,30b73c201daa089c,UFC Fight Night: Rosas Jr. vs Barcelos,2026-09-26_ufc-fight-night-rosas-jr-vs-barcelos.csv
2026-09-26,Elves Brener,Josiah Harrell,Elves Brener,Elves Brener,True,0.594,model_2026-09-23,2026-09-29T07:39:32+00:00,15d95453729f4c2c,UFC Fight Night: Rosas Jr. vs Barcelos,2026-09-26_ufc-fight-night-rosas-jr-vs-barcelos.csv
2026-09-26,Montel Jackson,Ricky Simon,Montel Jackson,Montel Jackson,True,0.5893,model_2026-09-23,2026-09-29T07:39:32+00:00,9037b26e92e25357,UFC Fight Night: Rosas Jr. vs Barcelos,2026-09-26_ufc-fight-night-rosas-jr-vs-barcelos.csv
2026-09-26,John Castaneda,Alatengheili,John Castaneda,Alatengheili,False,0.6206,model_2026-09-23,2026-09-29T07:39:32+00:00,577011f3bbcf7f91,UFC Fight Night: Rosas Jr. vs Barcelos,2026-09-26_ufc-fight-night-rosas-jr-vs-barcelos.csv
2026-09-26,Vanessa Demopoulos,Yazmin Jauregui,Yazmin Jauregui,Yazmin Jauregui,True,0.7109,model_2026-09-23,2026-09-29T07:39:32+00:00,f34e58d365bb37b1,UFC Fight Night: Rosas Jr. vs Barcelos,2026-09-26_ufc-fight-night-rosas-jr-vs-barcelos.csv
